{
  "version_id": "classweight_v1",
  "PR_AUC": 0.19946073305724854,
  "Precision": 0.1690223792697291,
  "Recall": 0.45871070857751733,
  "F1": 0.24702338258499498,
  "Brier": 0.23389281867032072,
  "threshold": 0.5,
  "notes": "class_weight='balanced'"
}