model,high_recall,best_f1
lr_classweight_w7,0.6036567535160634,0.5143133876661204
xgb_scaled_w7,0.5730260014533997,0.5432299375534058
