{
  "version_id": "ros_v1",
  "PR_AUC": 0.1993284248480772,
  "Precision": 0.16904196357878068,
  "Recall": 0.4549813532232286,
  "F1": 0.24650021648145476,
  "Brier": 0.23370672229772124,
  "threshold": 0.5,
  "notes": "Random Over Sampling"
}